{
    "grades_example_4.csv": {
      "a": 56.0,
      "b": [
        [1234.0, 100.0],
        [6882.0, 96.666664],
        [9490.0, 90.0],
        [5768.0, 90.0],
        [6356.0, 90.0],
        [8503.0, 86.666664],
        [2781.0, 86.666664],
        [5838.0, 86.666664],
        [1247.0, 86.666664],
        [8735.0, 83.33333],
        [9100.0, 83.33333],
        [6226.0, 80.0],
        [3245.0, 73.333336],
        [9285.0, 73.333336],
        [9814.0, 73.333336],
        [5397.0, 73.333336],
        [1539.0, 70.0],
        [5233.0, 70.0],
        [9390.0, 70.0],
        [8628.0, 70.0],
        [7258.0, 66.66667],
        [1141.0, 66.66667],
        [7920.0, 66.66667],
        [2099.0, 63.333332],
        [5489.0, 63.333332],
        [2448.0, 56.666668],
        [9130.0, 56.666668],
        [1633.0, 53.333336],
        [8004.0, 53.333336],
        [4321.0, 50.0],
        [1498.0, 50.0],
        [9347.0, 50.0],
        [7850.0, 50.0],
        [6537.0, 50.0],
        [9931.0, 46.666668],
        [3849.0, 46.666668],
        [7323.0, 40.0],
        [2073.0, 40.0],
        [9070.0, 36.666668],
        [9469.0, 33.333336],
        [9978.0, 33.333336],
        [2611.0, 33.333336],
        [6728.0, 33.333336],
        [2081.0, 0.0],
        [7568.0, 0.0]
      ],
      "c": [1498.0, 4321.0],
      "d": 4,
      "e": [
        [6728.0, 79.62000275],
        [2073.0, 68.31500244],
        [9100.0, 54.13999939],
        [1234.0, 84.70500183],
        [1498.0, 68.58499908],
        [7850.0, 65.37000275],
        [6537.0, 40.04000092],
        [1141.0, 64.48000336],
        [2099.0, 68.11999512],
        [4321.0, 70.92500305],
        [9490.0, 63.88999939],
        [1633.0, 51.18500137],
        [7258.0, 64.02000427],
        [5838.0, 59.55999756],
        [9070.0, 81.41999817],
        [9931.0, 62.51000214],
        [6356.0, 75.02999878],
        [8004.0, 64.17500305],
        [8503.0, 81.24500275],
        [9130.0, 68.40000153],
        [2781.0, 48.02500153],
        [9347.0, 77.66500092],
        [9469.0, 59.81000137],
        [5768.0, 62.29000092],
        [1539.0, 70.25499725],
        [9978.0, 52.61000061],
        [5397.0, 73.19000244],
        [2611.0, 57.75500107],
        [9390.0, 59.31500244],
        [7323.0, 72.09999847],
        [2081.0, 69.92500305],
        [1247.0, 79.16000366],
        [6882.0, 76.71499634],
        [2448.0, 64.13999939],
        [6226.0, 59.23500061],
        [7568.0, 62.69999695],
        [3245.0, 56.20000458],
        [9285.0, 74.625],
        [9814.0, 71.82500458],
        [3849.0, 56.34000397],
        [8735.0, 74.00999451],
        [5489.0, 46.65999985],
        [7920.0, 75.79000092],
        [5233.0, 86.69000244],
        [8628.0, 55.85499954]
      ]
    },
    "grades_example_5.csv": {
      "a": 57.741936,
      "b": [
        [1234.0, 100.0],
        [9490.0, 90.0],
        [5768.0, 90.0],
        [6356.0, 90.0],
        [8503.0, 86.666664],
        [2781.0, 86.666664],
        [5838.0, 86.666664],
        [8735.0, 83.33333],
        [9100.0, 83.33333],
        [5233.0, 70.0],
        [8628.0, 70.0],
        [1539.0, 70.0],
        [7258.0, 66.66667],
        [7920.0, 66.66667],
        [1141.0, 66.66667],
        [5489.0, 63.333332],
        [2099.0, 63.333332],
        [9130.0, 56.666668],
        [8004.0, 53.333336],
        [1633.0, 53.333336],
        [7850.0, 50.0],
        [9347.0, 50.0],
        [1498.0, 50.0],
        [4321.0, 50.0],
        [6537.0, 50.0],
        [9931.0, 46.666668],
        [3849.0, 46.666668],
        [2073.0, 40.0],
        [9070.0, 36.666668],
        [9469.0, 33.333336],
        [6728.0, 33.333336]
      ],
      "c": [1498.0, 4321.0],
      "d": 3,
      "e": [
        [6728.0, 79.62000275],
        [2073.0, 68.31500244],
        [9100.0, 54.13999939],
        [1234.0, 84.70500183],
        [1498.0, 68.58499908],
        [7850.0, 65.37000275],
        [6537.0, 40.04000092],
        [1141.0, 64.48000336],
        [2099.0, 68.11999512],
        [4321.0, 70.92500305],
        [9490.0, 63.88999939],
        [1633.0, 51.18500137],
        [7258.0, 64.02000427],
        [5838.0, 59.55999756],
        [9070.0, 81.41999817],
        [9931.0, 62.51000214],
        [6356.0, 75.02999878],
        [8004.0, 64.17500305],
        [8503.0, 81.24500275],
        [9130.0, 68.40000153],
        [2781.0, 48.02500153],
        [9347.0, 77.66500092],
        [9469.0, 59.81000137],
        [5768.0, 62.29000092],
        [1539.0, 70.25499725],
        [3849.0, 56.34000397],
        [8735.0, 74.00999451],
        [5489.0, 46.65999985],
        [7920.0, 75.79000092],
        [5233.0, 86.69000244],
        [8628.0, 55.85499954]
      ]
    }
  }
  
